iter	RMSE
0	3.595091036
1	2.521066451
2	2.10766202
3	1.796664804
4	1.607257474
5	1.50508498
6	1.363466069
7	1.301387792
8	1.157326836
9	1.100892781
10	0.9474291436
11	0.8078170238
12	0.7395845202
13	0.6898528865
14	0.6586820776
15	0.5825256964
16	0.5387589838
17	0.4932967621
18	0.4396826666
19	0.4191010239
20	0.3794446414
21	0.3636242839
22	0.328239445
23	0.31100613
24	0.2676197732
25	0.2576029914
26	0.2259027154
27	0.2078279966
28	0.1879130239
29	0.166038043
